id;company;first_name;last_name;contact_designation;email;phone_number;address;street_address;city;state_province;country;postal_code;dot;mc;company_logo;company_logo_content_type;customer_since;remarks
1;Bedfordshire Strategist;Jadon;Cormier;DISPATCHER;Jimmie.Gusikowski@gmail.com;6707;index indigo;sticky Expressway Checking Account;South Rod;Arkansas reciprocal;CANADA;Malaysia supply-chains;Borders hack;10298;../fake-data/blob/hipster.png;image/png;2019-11-21;SDD Mobility
2;didactic Dynamic;Juliana;Jaskolski;OWNER;Alejandrin25@yahoo.com;23107;Moldovan Leu;Checking Account;Lake Keven;THX;USA;Licensed Visionary pixel;neural Markets Branding;14108;../fake-data/blob/hipster.png;image/png;2019-11-21;eco-centric Senior
3;deposit;Mya;Durgan;ACCOUNTANT;Sincere_Vandervort34@hotmail.com;33586;navigating;Alaska solution-oriented;Ewellbury;Guinea applications context-sensitive;MEXICO;back-end Fresh Missouri;Central digital supply-chains;2246;../fake-data/blob/hipster.png;image/png;2019-11-20;generate
4;withdrawal Down-sized Metal;Roberto;Johnston;OWNER;Remington.Volkman@gmail.com;81505;Bedfordshire Awesome Cotton Tuna;calculating yellow;North Brielleburgh;system-worthy pixel Phased;CANADA;Towels Internal;seize generate;42203;../fake-data/blob/hipster.png;image/png;2019-11-21;Chips microchip
5;Generic;Ole;Frami;ACCOUNTANT;Flavie_Volkman29@yahoo.com;61040;Applications reintermediate;Research sensor black;South Dewayneville;backing up indexing;CANADA;extensible;Course robust bricks-and-clicks;41279;../fake-data/blob/hipster.png;image/png;2019-11-20;Nepalese Rupee vortals Centralized
6;Licensed Clothing Engineer;Abigayle;McKenzie;MANAGER;Terrance79@hotmail.com;95023;Mount Computer Uzbekistan;input invoice calculate;Mathiasfurt;Engineer Central deposit;MEXICO;Branding;Handcrafted Rubber Sausages;99935;../fake-data/blob/hipster.png;image/png;2019-11-21;Mississippi Product
7;Metal;Mortimer;Grimes;DISPATCHER;Tyreek_Schimmel@yahoo.com;86204;indexing;South Georgia and the South Sandwich Islands;Alifurt;one-to-one Connecticut;USA;Tugrik magnetic interface;Kansas;80397;../fake-data/blob/hipster.png;image/png;2019-11-20;bluetooth policy
8;Timor-Leste e-commerce;Selmer;Feeney;MANAGER;Seamus.Denesik@gmail.com;93906;primary Supervisor proactive;Fantastic Sleek Granite Tuna Utah;Port Grant;Practical killer Russian Federation;USA;Practical;emulation SQL;71555;../fake-data/blob/hipster.png;image/png;2019-11-21;Gorgeous Steel Salad Associate
9;Fantastic whiteboard;Bradly;Emmerich;ACCOUNTANT;Shana_Torp46@hotmail.com;90372;Officer parse;Intuitive;Smithamfurt;Auto Loan Account;USA;Intelligent Cotton Bike;lavender;77958;../fake-data/blob/hipster.png;image/png;2019-11-20;primary invoice
10;EXE;Timmy;Metz;ACCOUNTANT;Zelma_Cremin46@hotmail.com;22444;Reduced Antigua and Barbuda;Customer SDD;Port Giovanni;bi-directional;MEXICO;Configuration;Jewelery monitoring Infrastructure;73521;../fake-data/blob/hipster.png;image/png;2019-11-21;ROI
