id;company;first_name;last_name;email;phone_number;licence_number;dob;company_joined_on;company_left_on;image;image_content_type;licence_image;licence_image_content_type;remarks
1;payment efficient RSS;Jaquelin;Littel;Carmen86@hotmail.com;9116;77659;2019-11-21;2019-11-20;2019-11-20;../fake-data/blob/hipster.png;image/png;../fake-data/blob/hipster.png;image/png;Saint Martin Kids back-end
2;Automotive;Thalia;Wisoky;Christophe.Schinner@yahoo.com;123;11730;2019-11-20;2019-11-21;2019-11-20;../fake-data/blob/hipster.png;image/png;../fake-data/blob/hipster.png;image/png;Mandatory Hawaii Networked
3;Handcrafted Rubber Gloves;Domenico;McKenzie;Hope.Hagenes14@hotmail.com;1162;46459;2019-11-21;2019-11-20;2019-11-20;../fake-data/blob/hipster.png;image/png;../fake-data/blob/hipster.png;image/png;Walks Credit Card Account
4;payment;Nikki;Stokes;Orville72@hotmail.com;48050;74916;2019-11-21;2019-11-21;2019-11-21;../fake-data/blob/hipster.png;image/png;../fake-data/blob/hipster.png;image/png;Planner
5;Health;Jaylen;Mosciski;Maymie_Hegmann@gmail.com;977;94123;2019-11-21;2019-11-21;2019-11-20;../fake-data/blob/hipster.png;image/png;../fake-data/blob/hipster.png;image/png;Unbranded revolutionary
6;bypassing;Florencio;Hyatt;Brennon.Wolff@gmail.com;68946;69319;2019-11-20;2019-11-20;2019-11-21;../fake-data/blob/hipster.png;image/png;../fake-data/blob/hipster.png;image/png;Chicken
7;Web;Bradley;Purdy;Alexandrea_Medhurst5@hotmail.com;61294;54129;2019-11-21;2019-11-20;2019-11-20;../fake-data/blob/hipster.png;image/png;../fake-data/blob/hipster.png;image/png;Assurance Auto Loan Account cross-platform
8;indexing Handcrafted;Soledad;Lueilwitz;Lavern.Schumm48@yahoo.com;64357;4075;2019-11-20;2019-11-21;2019-11-20;../fake-data/blob/hipster.png;image/png;../fake-data/blob/hipster.png;image/png;Handmade Generic Concrete Tuna
9;Trafficway;Levi;Emmerich;Werner_Koss@gmail.com;18211;87183;2019-11-20;2019-11-20;2019-11-20;../fake-data/blob/hipster.png;image/png;../fake-data/blob/hipster.png;image/png;Avon
10;Clothing deposit;Esteban;Zieme;Wellington.Kulas@yahoo.com;19954;40326;2019-11-20;2019-11-21;2019-11-21;../fake-data/blob/hipster.png;image/png;../fake-data/blob/hipster.png;image/png;Electronics Switchable
