id;provider_name;issue_date;expiry_date;policy_document;policy_document_content_type;coverage_statement
1;hacking Interactions;2019-11-21;2019-11-20;../fake-data/blob/hipster.png;image/png;strategize
2;value-added Savings Account;2019-11-20;2019-11-20;../fake-data/blob/hipster.png;image/png;Avon
3;Advanced bus;2019-11-20;2019-11-20;../fake-data/blob/hipster.png;image/png;Virginia
4;solid state Clothing deposit;2019-11-20;2019-11-20;../fake-data/blob/hipster.png;image/png;Checking Account markets
5;Unbranded programming District;2019-11-21;2019-11-21;../fake-data/blob/hipster.png;image/png;Officer
6;yellow programming strategy;2019-11-21;2019-11-20;../fake-data/blob/hipster.png;image/png;New Mexico
7;streamline navigate;2019-11-21;2019-11-20;../fake-data/blob/hipster.png;image/png;Kids leading-edge synergize
8;JSON National;2019-11-20;2019-11-21;../fake-data/blob/hipster.png;image/png;capacitor Path
9;Grocery;2019-11-20;2019-11-21;../fake-data/blob/hipster.png;image/png;Towels
10;Table Automotive;2019-11-21;2019-11-20;../fake-data/blob/hipster.png;image/png;Indiana deposit Electronics
